;;;;;PROGRAMACION DE VUELOS   VERSION 3;;;;;;;;;;;;;;;;;;;;;;;;;;;;;;;04/11/2016;;;;;;;;
;Mat;Orig;Dep;t.vlo;Arr;Dest;;Orig;Dep;t.vlo;Arr;Dest;;Orig;Dep;t.vlo;Arr;Dest;;Orig;Dep;t.vlo;Arr;Dest;;Orig;Dep;t.vlo;Arr;Dest;;Orig;Dep;t.vlo;Arr;Dest;;Orig;Dep;t.vlo;Arr;Dest;;
;;;;;;;;;;;;;;;;;;;;;;;;;;;;;;;;;;;;;;;;;;;;
MARTES;AYD;;;;;;;;;;;;;AEP;14:30;600;15:40;COR;;;;;;;;;;;;;;;;;;;;;;;;;;
;Y165;;;;;;;;;;;;;;17:30;01:10;18:40;;;;;;;;;;;;;;;;;;;;;;;;;;;
;CCJ;JUJ;07:30;851;07:50;SLA;00:30;SLA;08:20;851;10:20;AEP;01:40;AEP;12:00;550;13:55;PMY;01:05;PMY;15:00;551;16:45;AEP;;AEP;17:50;856;20:00;SLA;00:30;SLA;20:30;856;20:50;JUJ;;;;;;;;
;Y165;;10:30;00:20;10:50;;;;11:20;02:00;13:20;;;;15:00;01:55;16:55;;;;18:00;01:45;19:45;;;;20:50;02:10;23:00;;;;23:30;00:20;23:50;;;;;;;;;
1;;;;;;;;;;;;;;;;;;;;;;;;;;;;;;;;;;;;;;;;;;;;
;Y165;;;;;;;;;;;;;;;;;;;;;;;;;;;;;;;;;;;;;;;;;;;
;WGM;;;;;;;;;;;;;;;;;;;;;;;;;;;;;;;;;;;;;;;;;;;
NOVIEMBRE;Y165;;;;;;;;;;;;;;;;;;;;;;;;;;;;;;;;;;;;;;;;;;;
;WGN;SLA;;;;;;;;;;;;;;;;;;;;;;;;;;;;;;;;;;;;;;;;;;
;Y165;;;;;;;;;;;;;;;;;;;;;;;;;;;;;;;;;;;;;;;;;;;
;;;;;;;;;;;;;;;;;;;;;;;;;;;;;;;;;;;;;;;;;;;;
MIERCOLES;AYD;COR;;;;;;;;;;;;;;;;;;;;;;;;;;;;;;;;;;;;;;;;;;
;Y165;;;;;;;;;;;;;;;;;;;;;;;;;;;;;;;;;;;;;;;;;;;
;CCJ;JUJ;07:30;851;07:50;SLA;00:30;SLA;08:20;851;10:20;AEP;01:40;AEP;12:00;550;13:55;PMY;01:05;PMY;15:00;551;16:45;AEP;;AEP;17:50;856;20:00;JUJU;00:30;JUJ;20:30;856;20:50;SLA;;;;;;;;
;Y165;;10:30;00:20;10:50;;;;11:20;02:00;13:20;;;;15:00;01:55;16:55;;;;18:00;01:45;19:45;;;;20:50;02:10;23:00;;;;23:30;00:20;23:50;;;;;;;;;
2;0;;;;;;;;;;;;;;;;;;;;;;;;;;;;;;;;;;;;;;;;;;;
;Y165;;;;;;;;;;;;;;;;;;;;;;;;;;;;;;;;;;;;;;;;;;;
;WGM;;;;;;;;;;;;;;;;;;;;;;;;;;;;;;;;;;;;;;;;;;;
NOVIEMBRE;Y165;;;;;;;;;;;;;;;;;;;;;;;;;;;;;;;;;;;;;;;;;;;
;WGN;SLA;;;;;;;;;;;;;;;;;;;;;;;;;;;;;;;;;;;;;;;;;;
;Y165;;;;;;;;;;;;;;;;;;;;;;;;;;;;;;;;;;;;;;;;;;;
;;;;;;;;;;;;;;;;;;;;;;;;;;;;;;;;;;;;;;;;;;;;
JUEVES;AYD;;;;;;;;;;;;;;;;;;;COR;01:00;601;02:10;AEP;;;;;;;;;;;;;;;;;;;;
;Y165;;;;;;;;;;;;;;;;;;;;04:00;01:10;05:10;;;;;;;;;;;;;;;;;;;;;
;CCJ;SLA;08:20;851;08:40;JUJ;00:30;JUJ;09:10;851;11:10;AEP;01:40;AEP;12:00;550;13:55;PMY;01:05;PMY;15:00;551;16:45;AEP;;AEP;17:50;856;20:00;SLA;00:30;SLA;20:30;856;20:50;JUJ;;;;;;;;
;Y165;;11:20;00:20;11:40;;;;12:10;02:00;14:10;;;;15:00;01:55;16:55;;;;18:00;01:45;19:45;;;;20:50;02:10;23:00;;;;23:30;00:20;23:50;;;;;;;;;
3;0;;;;;;;;;;;;;;;;;;;;;;;;;;;;;;;;;;;;;;;;;;;
;Y165;;;;;;;;;;;;;;;;;;;;;;;;;;;;;;;;;;;;;;;;;;;
;WGM;;;;;;;;;;;;;;;;;;;;;;;;;;;;;;;;;;;;;;;;;;;
NOVIEMBRE;Y165;;;;;;;;;;;;;;;;;;;;;;;;;;;;;;;;;;;;;;;;;;;
;WGN;SLA;;;;;;;;;;;;;;;;;;;;;;;;;;;;;;;;;;;;;;;;;;
;Y165;;;;;;;;;;;;;;;;;;;;;;;;;;;;;;;;;;;;;;;;;;;
;;;;;;;;;;;;;;;;;;;;;;;;;;;;;;;;;;;;;;;;;;;;
VIERNES;AYD;AEP;;;;;;;;;;;;;;;;;;;;;;;;;;;;;;;;;;;;;;;;;;
;Y165;;;;;;;;;;;;;;;;;;;;;;;;;;;;;;;;;;;;;;;;;;;
;CCJ;JUJ;07:30;851;07:50;SLA;00:30;SLA;08:20;851;10:20;AEP;01:40;AEP;12:00;550;13:55;PMY;01:05;PMY;15:00;551;16:45;AEP;;AEP;17:50;856;20:00;JUJ;00:30;JUJ;20:30;856;20:50;SLA;;;;;;;;
;Y165;;10:30;00:20;10:50;;;;11:20;02:00;13:20;;;;15:00;01:55;16:55;;;;18:00;01:45;19:45;;;;20:50;02:10;23:00;;;;23:30;00:20;23:50;;;;;;;;;
4;0;;;;;;;;;;;;;;;;;;;;;;;;;;;;;;;;;;;;;;;;;;;
;0;;;;;;;;;;;;;;;;;;;;;;;;;;;;;;;;;;;;;;;;;;;
;WGM;;;;;;;;;;;;;;;;;;;;;;;;;;;;;;;;;;;;;;;;;;;
NOVIEMBRE;Y165;;;;;;;;;;;;;;;;;;;;;;;;;;;;;;;;;;;;;;;;;;;
;WGN;SLA;;;;;;;;;;;;;;;;;;;;;;;;;;;;;;;;;;;;;;;;;;
;Y165;;;;;;;;;;;;;;;;;;;;;;;;;;;;;;;;;;;;;;;;;;;
;;;;;;;;;;;;;;;;;;;;;;;;;;;;;;;;;;;;;;;;;;;;
SABADO;AYD;AEP;;;;;;;;;;;;;;;;;;;;;;;;;;;;;;;;;;;;;;;;;;
;Y165;;;;;;;;;;;;;;;;;;;;;;;;;;;;;;;;;;;;;;;;;;;
;CCJ;;;;;;;;;;;;;;;;;;;SLA;15:00;FERRY;17:00;EZE;;;;;;;;;;;;;;;;;;;;
;Y165;;;;;;;;;;;;;;;;;;;;18:00;02:00;19:00;;;;;;;;;;;;;;;;;;;;;
5;0;;;;;;;;;;;;;;;;;;;;;;;;;;;;;;;;;;;;;;;;;;;
;Y165;;;;;;;;;;;;;;;;;;;;;;;;;;;;;;;;;;;;;;;;;;;
;WGM;;;;;;;;;;;;;;;;;;;;;;;;;;;;;;;;;;;;;;;;;;;
NOVIEMBRE;Y165;;;;;;;;;;;;;;;;;;;;;;;;;;;;;;;;;;;;;;;;;;;
;WGN;SLA;09:20;851;09:40;JUJ;00:30;JUJ;10:10;851;12:10;AEP;;;;;;;;;;;;;;;;;;;;;;;;;;;;;;;;
;Y165;;12:20;00:20;12:40;;;;13:10;02:00;15:10;;;;;;;;;;;;;;;;;;;;;;;;;;;;;;;;;
;;;;;;;;;;;;;;;;;;;;;;;;;;;;;;;;;;;;;;;;;;;;
;;;;;;;;;;;;;;;;;;;;;;;;;;;;;;;;;;;;;;;;;;;;
DOMINGO;AYD;;;;;;;;;;;;;;;;;;;;;;;;;AEP;17:50;856;20:00;SLA;00:30;SLA;20:30;856;20:50;JUJ;;;;;;;;
;Y165;;;;;;;;;;;;;;;;;;;;;;;;;;20:50;02:10;23:00;;;;23:30;00:20;23:50;;;;;;;;;
;CCJ;EZE;;;;;;;;;;;;;;;;;;;;;;;;;;;;;;;;;;;;;;;;;;
;Y165;;;;;;;;;;;;;;;;;;;;;;;;;;;;;;;;;;;;;;;;;;;
6;0;;;;;;;;;;;;;;;;;;;;;;;;;;;;;;;;;;;;;;;;;;;
;Y165;;;;;;;;;;;;;;;;;;;;;;;;;;;;;;;;;;;;;;;;;;;
;WGM;;;;;;;;;;;;;;;;;;;;;;;;;;;;;;;;;;;;;;;;;;;
NOVIEMBRE;Y165;;;;;;;;;;;;;;;;;;;;;;;;;;;;;;;;;;;;;;;;;;;
;WGN;AEP;;;;;;;;;;;;;;;;;;;;;;;;;;;;;;;;;;;;;;;;;;
;Y165;;;;;;;;;;;;;;;;;;;;;;;;;;;;;;;;;;;;;;;;;;;
;;;;;;;;;;;;;;;;;;;;;;;;;;;;;;;;;;;;;;;;;;;;
LUNES;AYD;JUJ;07:30;851;07:50;SLA;00:30;SLA;08:20;851;10:20;AEP;01:40;AEP;12:00;550;13:55;PMY;01:05;PMY;15:00;551;16:45;AEP;01:00;AEP;17:50;856;20:00;JUJ;00:30;JUJ;20:30;856;20:50;SLA;;;;;;;;
;Y165;;10:30;00:20;10:50;;;;11:20;02:00;13:20;;;;15:00;01:55;16:55;;;;18:00;01:45;19:45;;;;20:50;02:10;23:00;;;;23:30;00:20;23:50;;;;;;;;;
;CCJ;;;;;;;EZE;08:15;620;12:00;USH;01:00;USH;13:00;FERRY;16:45;AEP;;;;;;;;;;;;;;;;;;;;;;;;;;
;Y165;;;;;;;;11:15;03:45;15:00;;;;16:00;03:45;19:45;;;;;;;;;;;;;;;;;;;;;;;;;;;
7;0;;;;;;;;;;;;;;;;;;;;;;;;;;;;;;;;;;;;;;;;;;;
;Y165;;;;;;;;;;;;;;;;;;;;;;;;;;;;;;;;;;;;;;;;;;;
;WGM;;;;;;;;;;;;;;;;;;;;;;;;;;;;;;;;;;;;;;;;;;;
NOVIEMBRE;Y165;;;;;;;;;;;;;;;;;;;;;;;;;;;;;;;;;;;;;;;;;;;
;WGN;AEP;;;;;;;;;;;;;;;;;;;;;;;;;;;;;;;;;;;;;;;;;;
;Y165;;;;;;;;;;;;;;;;;;;;;;;;;;;;;;;;;;;;;;;;;;;
;;;;;;;;;;;;;;;;;;;;;;;;;;;;;;;;;;;;;;;;;;;;
MARTES;AYD;SLA;08:20;851;08:40;JUJ;00:30;JUJ;09:10;851;11:10;AEP;01:40;AEP;12:00;550;13:55;PMY;01:05;PMY;15:00;551;16:45;AEP;01:00;;;;;;;;;;;;;;;;;;;
;Y165;;11:20;00:20;11:40;;;;12:10;02:00;14:10;;;;15:00;01:55;16:55;;;;18:00;01:45;19:45;;;;;;;;;;;;;;;;;;;;;
;CCJ;;;;;;;;;;;;;;;;;;;;;;;;;AEP;17:50;856;20:00;SLA;00:30;SLA;20:30;856;20:50;JUJ;;;;;;;;
;Y165;;;;;;;;;;;;;;;;;;;;;;;;;;20:50;02:10;23:00;;;;23:30;00:20;23:50;;;;;;;;;
8;0;;;;;;;;;;;;;;;;;;;;;;;;;;;;;;;;;;;;;;;;;;;
;Y165;;;;;;;;;;;;;;;;;;;;;;;;;;;;;;;;;;;;;;;;;;;
;WGM;;;;;;;;;;;;;;;;;;;;;;;;;;;;;;;;;;;;;;;;;;;
NOVIEMBRE;Y165;;;;;;;;;;;;;;;;;;;;;;;;;;;;;;;;;;;;;;;;;;;
;WGN;AEP;;;;;;;;;;;;;;;;;;;;;;;;;;;;;;;;;;;;;;;;;;
;Y165;;;;;;;;;;;;;;;;;;;;;;;;;;;;;;;;;;;;;;;;;;;
;;;;;;;;;;;;;;;;;;;;;;;;;;;;;;;;;;;;;;;;;;;;
MIERCOLES;AYD;AEP;;;;;;;;;;;;;;;;;;;;;;;;;;;;;;;;;;;;;;;;;;
;Y165;;;;;;;;;;;;;;;;;;;;;;;;;;;;;;;;;;;;;;;;;;;
;CCJ;JUJ;07:30;851;07:50;SLA;00:30;SLA;08:20;851;10:20;AEP;01:40;AEP;12:00;550;13:55;PMY;01:05;PMY;15:00;551;16:45;AEP;01:00;AEP;17:50;856;20:00;SLA;00:30;SLA;20:30;856;20:50;JUJ;;;;;;;;
;Y165;;10:30;00:20;10:50;;;;11:20;02:00;13:20;;;;15:00;01:55;16:55;;;;18:00;01:45;19:45;;;;20:50;02:10;23:00;;;;23:30;00:20;23:50;;;;;;;;;
9;0;;;;;;;;;;;;;;;;;;;;;;;;;;;;;;;;;;;;;;;;;;;
;Y165;;;;;;;;;;;;;;;;;;;;;;;;;;;;;;;;;;;;;;;;;;;
;WGM;;;;;;;;;;;;;;;;;;;;;;;;;;;;;;;;;;;;;;;;;;;
NOVIEMBRE;Y165;;;;;;;;;;;;;;;;;;;;;;;;;;;;;;;;;;;;;;;;;;;
;WGN;AEP;;;;;;;;;;;;;;;;;;;;;;;;;;;;;;;;;;;;;;;;;;
;Y165;;;;;;;;;;;;;;;;;;;;;;;;;;;;;;;;;;;;;;;;;;;
;;;;;;;;;;;;;;;;;;;;;;;;;;;;;;;;;;;;;;;;;;;;
JUEVES;AYD;AEP;;;;;;;;;;;;;;;;;;;;;;;;;;;;;;;;;;;;;;;;;;
;Y165;;;;;;;;;;;;;;;;;;;;;;;;;;;;;;;;;;;;;;;;;;;
;CCJ;JUJ;07:30;851;07:50;SLA;00:30;SLA;08:20;851;10:20;AEP;01:40;AEP;12:00;550;13:55;PMY;01:05;PMY;15:00;551;16:45;AEP;;AEP;17:50;856;20:00;SLA;00:30;SLA;20:30;856;20:50;JUJ;;;;;;;;
;Y165;;10:30;00:20;10:50;;;;11:20;02:00;13:20;;;;15:00;01:55;16:55;;;;18:00;01:45;19:45;;;;20:50;02:10;23:00;;;;23:30;00:20;23:50;;;;;;;;;
10;0;;;;;;;;;;;;;;;;;;;;;;;;;;;;;;;;;;;;;;;;;;;
;Y165;;;;;;;;;;;;;;;;;;;;;;;;;;;;;;;;;;;;;;;;;;;
;WGM;;;;;;;;;;;;;;;;;;;;;;;;;;;;;;;;;;;;;;;;;;;
NOVIEMBRE;Y165;;;;;;;;;;;;;;;;;;;;;;;;;;;;;;;;;;;;;;;;;;;
;WGN;AEP;;;;;;;;;;;;;;;;;;;;;;;;;;;;;;;;;;;;;;;;;;
;Y165;;;;;;;;;;;;;;;;;;;;;;;;;;;;;;;;;;;;;;;;;;;
;;;;;;;;;;;;;;;;;;;;;;;;;;;;;;;;;;;;;;;;;;;;
;;;;;;;;;;;;;;;;;;;;;;;;;;;;;;;;;;;;;;;;;;;;
VIERNES;AYD;AEP;;;;;;;;;;;;;;;;;;;;;;;;;;;;;;;;;;;;;;;;;;
;Y165;;;;;;;;;;;;;;;;;;;;;;;;;;;;;;;;;;;;;;;;;;;
;CCJ;JUJ;07:30;851;07:50;SLA;00:30;SLA;08:20;851;10:20;AEP;01:40;AEP;12:00;550;13:55;PMY;01:05;PMY;15:00;551;16:45;AEP;;AEP;17:50;856;20:00;SLA;00:30;SLA;20:30;856;20:50;JUJ;;;;;;;;
;Y165;;10:30;00:20;10:50;;;;11:20;02:00;13:20;;;;15:00;01:55;16:55;;;;18:00;01:45;19:45;;;;20:50;02:10;23:00;;;;23:30;00:20;23:50;;;;;;;;;
11;0;;;;;;;;;;;;;;;;;;;;;;;;;;;;;;;;;;;;;;;;;;;
;Y165;;;;;;;;;;;;;;;;;;;;;;;;;;;;;;;;;;;;;;;;;;;
;WGM;;;;;;;;;;;;;;;;;;;;;;;;;;;;;;;;;;;;;;;;;;;
NOVIEMBRE;Y165;;;;;;;;;;;;;;;;;;;;;;;;;;;;;;;;;;;;;;;;;;;
;WGN;AEP;;;;;;;;;;;;;;;;;;;;;;;;;;;;;;;;;;;;;;;;;;
;Y165;;;;;;;;;;;;;;;;;;;;;;;;;;;;;;;;;;;;;;;;;;;
;;;;;;;;;;;;;;;;;;;;;;;;;;;;;;;;;;;;;;;;;;;;
SABADO;AYD;AEP;;;;;;;;;;;;;;;;;;;;;;;;;;;;;;;;;;;;;;;;;;
;Y165;;;;;;;;;;;;;;;;;;;;;;;;;;;;;;;;;;;;;;;;;;;
;CCJ;JUJ;08:30;851;08:50;SLA;00:30;SLA;09:20;851;11:20;AEP;;;;;;;;;;;;;;;;;;;;;;;;;;;;;;;;
;Y165;;11:30;00:20;11:50;;;;12:20;02:00;14:20;;;;;;;;;;;;;;;;;;;;;;;;;;;;;;;;;
12;0;;;;;;;;;;;;;;;;;;;;;;;;;;;;;;;;;;;;;;;;;;;
;Y165;;;;;;;;;;;;;;;;;;;;;;;;;;;;;;;;;;;;;;;;;;;
;WGM;;;;;;;;;;;;;;;;;;;;;;;;;;;;;;;;;;;;;;;;;;;
NOVIEMBRE;Y165;;;;;;;;;;;;;;;;;;;;;;;;;;;;;;;;;;;;;;;;;;;
;WGN;AEP;;;;;;;;;;;;;;;;;;;;;;;;;;;;;;;;;;;;;;;;;;
;Y165;;;;;;;;;;;;;;;;;;;;;;;;;;;;;;;;;;;;;;;;;;;
;;;;;;;;;;;;;;;;;;;;;;;;;;;;;;;;;;;;;;;;;;;;
DOMINGO;AYD;AEP;;;;;;;;;;;;;;;;;;;;;;;;;;;;;;;;;;;;;;;;;;
;Y165;;;;;;;;;;;;;;;;;;;;;;;;;;;;;;;;;;;;;;;;;;;
;CCJ;;;;;;;;;;;;;;;;;;;;;;;;;AEP;17:50;856;20:00;SLA;00:30;SLA;20:30;856;20:50;JUJ;;;;;;;;
;Y165;;;;;;;;;;;;;;;;;;;;;;;;;;20:50;02:10;23:00;;;;23:30;00:20;23:50;;;;;;;;;
13;0;;;;;;;;;;;;;;;;;;;;;;;;;;;;;;;;;;;;;;;;;;;
;Y165;;;;;;;;;;;;;;;;;;;;;;;;;;;;;;;;;;;;;;;;;;;
;WGM;;;;;;;;;;;;;;;;;;;;;;;;;;;;;;;;;;;;;;;;;;;
NOVIEMBRE;Y165;;;;;;;;;;;;;;;;;;;;;;;;;;;;;;;;;;;;;;;;;;;
;WGN;AEP;;;;;;;;;;;;;;;;;;;;;;;;;;;;;;;;;;;;;;;;;;
;Y165;;;;;;;;;;;;;;;;;;;;;;;;;;;;;;;;;;;;;;;;;;;
;;;;;;;;;;;;;;;;;;;;;;;;;;;;;;;;;;;;;;;;;;;;
LUNES;AYD;AEP;;;;;;;;;;;;;;;;;;;;;;;;;;;;;;;;;;;;;;;;;;
;Y165;;;;;;;;;;;;;;;;;;;;;;;;;;;;;;;;;;;;;;;;;;;
;CCJ;JUJ;07:30;851;07:50;SLA;00:30;SLA;08:20;851;10:20;AEP;01:40;AEP;12:00;550;13:55;PMY;01:05;PMY;15:00;551;16:45;AEP;;AEP;17:50;856;20:00;SLA;00:30;SLA;20:30;856;20:50;JUJ;;;;;;;;
;Y165;;10:30;00:20;10:50;;;;11:20;02:00;13:20;;;;15:00;01:55;16:55;;;;18:00;01:45;19:45;;;;20:50;02:10;23:00;;;;23:30;00:20;23:50;;;;;;;;;
14;0;;;;;;;;;;;;;;;;;;;;;;;;;;;;;;;;;;;;;;;;;;;
;Y165;;;;;;;;;;;;;;;;;;;;;;;;;;;;;;;;;;;;;;;;;;;
;WGM;;;;;;;;;;;;;;;;;;;;;;;;;;;;;;;;;;;;;;;;;;;
NOVIEMBRE;Y165;;;;;;;;;;;;;;;;;;;;;;;;;;;;;;;;;;;;;;;;;;;
;WGN;;;;;;;AEP;12:10;FERRY;12:30;EZE;01:30;EZE;14:00;602;15:30;UAQ;;;;;;;;;;;;;;;;;;;;;;;;;;
;Y165;;;;;;;;15:10;00:20;15:30;;;;17:00;01:30;18:30;;;;;;;;;;;;;;;;;;;;;;;;;;;
;;;;;;;;;;;;;;;;;;;;;;;;;;;;;;;;;;;;;;;;;;;;
MARTES;AYD;AEP;;;;;;;;;;;;;;;;;;;;;;;;;;;;;;;;;;;;;;;;;;
;Y165;;;;;;;;;;;;;;;;;;;;;;;;;;;;;;;;;;;;;;;;;;;
;CCJ;JUJ;07:30;851;07:50;SLA;00:30;SLA;08:20;851;10:20;AEP;01:40;AEP;12:00;550;13:55;PMY;01:05;PMY;15:00;551;16:45;AEP;01:05;AEP;17:50;856;20:00;SLA;00:30;SLA;20:30;856;20:50;JUJ;;;;;;;;
;Y165;;10:30;00:20;10:50;;;;11:20;02:00;13:20;;;;15:00;01:55;16:55;;;;18:00;01:45;19:45;;;;20:50;02:10;23:00;;;;23:30;00:20;23:50;;;;;;;;;
15;0;;;;;;;;;;;;;;;;;;;;;;;;;;;;;;;;;;;;;;;;;;;
;Y165;;;;;;;;;;;;;;;;;;;;;;;;;;;;;;;;;;;;;;;;;;;
;WGM;;;;;;;;;;;;;;;;;;;;;;;;;;;;;;;;;;;;;;;;;;;
NOVIEMBRE;Y165;;;;;;;;;;;;;;;;;;;;;;;;;;;;;;;;;;;;;;;;;;;
;WGN;UAQ;;;;;;;;;;;;;;;;;;;;;;;;;;;;;;;;;;;;;;;;;;
;Y165;;;;;;;;;;;;;;;;;;;;;;;;;;;;;;;;;;;;;;;;;;;
;;;;;;;;;;;;;;;;;;;;;;;;;;;;;;;;;;;;;;;;;;;;
;;;;;;;;;;;;;;;;;;;;;;;;;;;;;;;;;;;;;;;;;;;;
MIERCOLES;AYD;;;;;;;EZE;08:15;620;12:00;USH;01:00;USH;13:00;621;16:45;EZE;;;;;;;;;;;;;;;;;;;;;;;;;;
;Y165;;;;;;;;11:15;03:45;15:00;;;;16:00;03:45;19:45;;;;;;;;;;;;;;;;;;;;;;;;;;;
;CCJ;JUJ;07:30;851;07:50;SLA;00:30;SLA;08:20;851;10:20;AEP;01:40;AEP;12:00;550;13:55;PMY;01:05;PMY;15:00;551;16:45;AEP;01:00;AEP;17:50;856;20:00;SLA;00:30;SLA;20:30;856;20:50;JUJ;;;;;;;;
;Y165;;10:30;00:20;10:50;;;;11:20;02:00;13:20;;;;15:00;01:55;16:55;;;;18:00;01:45;19:45;;;;20:50;02:10;23:00;;;;23:30;00:20;23:50;;;;;;;;;
16;0;;;;;;;;;;;;;;;;;;;;;;;;;;;;;;;;;;;;;;;;;;;
;Y165;;;;;;;;;;;;;;;;;;;;;;;;;;;;;;;;;;;;;;;;;;;
;WGM;;;;;;;;;;;;;;;;;;;;;;;;;;;;;;;;;;;;;;;;;;;
NOVIEMBRE;Y165;;;;;;;;;;;;;;;;;;;;;;;;;;;;;;;;;;;;;;;;;;;
;WGN;UAQ;01:00;603;02:30;EZE;01:00;EZE;03:30;FERR1;05:00;UAQ;01:00;UAQ;06:00;605;07:30;EZE;01:00;EZE;08:30;FERR2;08:50;AEP;;;;;;;;;;;;;;;;;;;;
;Y165;;04:00;01:30;05:30;;;;06:30;01:30;08:00;;;;09:00;01:30;10:30;;;;11:30;00:20;11:50;;;;;;;;;;;;;;;;;;;;;
;;;;;;;;;;;;;;;;;;;;;;;;;;;;;;;;;;;;;;;;;;;;
JUEVES;AYD;EZE;;;;;;;;;;;;;;;;;;;;;;;;;;;;;;;;;;;;;;;;;;
;Y165;;;;;;;;;;;;;;;;;;;;;;;;;;;;;;;;;;;;;;;;;;;
;CCJ;JUJ;07:30;851;07:50;SLA;00:30;SLA;08:20;851;10:20;AEP;01:40;AEP;12:00;550;13:55;PMY;01:05;PMY;15:00;551;16:45;AEP;01:00;AEP;17:50;856;20:00;SLA;00:30;SLA;20:30;856;20:50;JUJ;;;;;;;;
;Y165;;10:30;00:20;10:50;;;;11:20;02:00;13:20;;;;15:00;01:55;16:55;;;;18:00;01:45;19:45;;;;20:50;02:10;23:00;;;;23:30;00:20;23:50;;;;;;;;;
17;0;;;;;;;;;;;;;;;;;;;;;;;;;;;;;;;;;;;;;;;;;;;
;Y165;;;;;;;;;;;;;;;;;;;;;;;;;;;;;;;;;;;;;;;;;;;
;WGM;;;;;;;;;;;;;;;;;;;;;;;;;;;;;;;;;;;;;;;;;;;
NOVIEMBRE;Y165;;;;;;;;;;;;;;;;;;;;;;;;;;;;;;;;;;;;;;;;;;;
;WGN;AEP;;;;;;;;;;;;;;;;;;;;;;;;;;;;;;;;;;;;;;;;;;
;Y165;;;;;;;;;;;;;;;;;;;;;;;;;;;;;;;;;;;;;;;;;;;
;;;;;;;;;;;;;;;;;;;;;;;;;;;;;;;;;;;;;;;;;;;;
VIERNES;AYD;EZE;;;;;;;;;;;;;;;;;;;;;;;;;;;;;;;;;;;;;;;;;;
;Y165;;;;;;;;;;;;;;;;;;;;;;;;;;;;;;;;;;;;;;;;;;;
;CCJ;JUJ;07:30;851;07:50;SLA;00:30;SLA;08:20;851;10:20;AEP;01:40;AEP;12:00;550;13:55;PMY;01:05;PMY;15:00;551;16:45;AEP;;AEP;17:50;856;20:00;SLA;00:30;SLA;20:30;856;20:50;JUJ;;;;;;;;
;Y165;;10:30;00:20;10:50;;;;11:20;02:00;13:20;;;;15:00;01:55;16:55;;;;18:00;01:45;19:45;;;;20:50;02:10;23:00;;;;23:30;00:20;23:50;;;;;;;;;
18;0;;;;;;;;;;;;;;;;;;;;;;;;;;;;;;;;;;;;;;;;;;;
;Y165;;;;;;;;;;;;;;;;;;;;;;;;;;;;;;;;;;;;;;;;;;;
;WGM;;;;;;;;;;;;;;;;;;;;;;;;;;;;;;;;;;;;;;;;;;;
NOVIEMBRE;Y165;;;;;;;;;;;;;;;;;;;;;;;;;;;;;;;;;;;;;;;;;;;
;WGN;;;;;;;AEP;08:30;600;10:40;BRC;;;;;;;;;;;;;;;;;;;;;;;;;;;;;;;;
;Y165;;;;;;;;11:30;02:10;13:40;;;;;;;;;;;;;;;;;;;;;;;;;;;;;;;;;
;;;;;;;;;;;;;;;;;;;;;;;;;;;;;;;;;;;;;;;;;;;;
SABADO;AYD;EZE;;;;;;;;;;;;;;;;;;;;;;;;;;;;;;;;;;;;;;;;;;
;Y165;;;;;;;;;;;;;;;;;;;;;;;;;;;;;;;;;;;;;;;;;;;
;CCJ;JUJ;08:30;851;08:50;SLA;00:30;SLA;09:20;851;11:20;AEP;;;;;;;;;;;;;;;;;;;;;;;;;;;;;;;;
;Y165;;11:30;00:20;11:50;;;;12:20;02:00;14:20;;;;;;;;;;;;;;;;;;;;;;;;;;;;;;;;;
19;0;;;;;;;;;;;;;;;;;;;;;;;;;;;;;;;;;;;;;;;;;;;
;Y165;;;;;;;;;;;;;;;;;;;;;;;;;;;;;;;;;;;;;;;;;;;
;WGM;;;;;;;;;;;;;;;;;;;;;;;;;;;;;;;;;;;;;;;;;;;
NOVIEMBRE;Y165;;;;;;;;;;;;;;;;;;;;;;;;;;;;;;;;;;;;;;;;;;;
;WGN;AEP;;;;;;;;;;;;;;;;;;;;;;;;;;;;;;BRC;20:00;601;22:00;AEP;;;;;;;;
;Y165;;;;;;;;;;;;;;;;;;;;;;;;;;;;;;;;23:00;02:00;01:00;;;;;;;;;
;;;;;;;;;;;;;;;;;;;;;;;;;;;;;;;;;;;;;;;;;;;;
DOMINGO;AYD;EZE;;;;;;;;;;;;;;;;;;;;;;;;;;;;;;;;;;;;;;;;;;
;Y165;;;;;;;;;;;;;;;;;;;;;;;;;;;;;;;;;;;;;;;;;;;
;CCJ;;;;;;;;;;;;;;;;;;;;;;;;;AEP;17:50;856;20:00;SLA;00:30;SLA;20:30;856;20:50;JUJ;;;;;;;;
;Y165;;;;;;;;;;;;;;;;;;;;;;;;;;20:50;02:10;23:00;;;;23:30;00:20;23:50;;;;;;;;;
20;0;;;;;;;;;;;;;;;;;;;;;;;;;;;;;;;;;;;;;;;;;;;
;Y165;;;;;;;;;;;;;;;;;;;;;;;;;;;;;;;;;;;;;;;;;;;
;WGM;;;;;;;;;;;;;;;;;;;;;;;;;;;;;;;;;;;;;;;;;;;
NOVIEMBRE;Y165;;;;;;;;;;;;;;;;;;;;;;;;;;;;;;;;;;;;;;;;;;;
;WGN;AEP;;;;;;AEP;08:30;600;10:40;BRC;;;;;;;;;;;;;;;;;;;;;;;;;;;;;;;;
;Y165;;;;;;;;11:30;02:10;13:40;;;;;;;;;;;;;;;;;;;;;;;;;;;;;;;;;
;;;;;;;;;;;;;;;;;;;;;;;;;;;;;;;;;;;;;;;;;;;;
;;;;;;;;;;;;;;;;;;;;;;;;;;;;;;;;;;;;;;;;;;;;
LUNES;AYD;EZE;;;;;;;;;;;;AEP;16:00;630;17:00;FLN;01:00;FLN;18:00;601;18:50;XAP;;;;;;;;;;;;;;;;;;;;
;Y165;;;;;;;;;;;;;;19:00;02:00;21:00;;;;22:00;00:50;22:50;;;;;;;;;;;;;;;;;;;;;
;CCJ;JUJ;07:30;851;07:50;SLA;00:30;SLA;08:20;851;10:20;AEP;01:40;AEP;12:00;550;13:55;PMY;01:05;PMY;15:00;551;16:45;AEP;;AEP;17:50;856;20:00;SLA;00:30;SLA;20:30;856;20:50;JUJ;;;;;;;;
;Y165;;10:30;00:20;10:50;;;;11:20;02:00;13:20;;;;15:00;01:55;16:55;;;;18:00;01:45;19:45;;;;20:50;02:10;23:00;;;;23:30;00:20;23:50;;;;;;;;;
21;0;;;;;;;;;;;;;;;;;;;;;;;;;;;;;;;;;;;;;;;;;;;
;Y165;;;;;;;;;;;;;;;;;;;;;;;;;;;;;;;;;;;;;;;;;;;
;WGM;;;;;;;;;;;;;;;;;;;;;;;;;;;;;;;;;;;;;;;;;;;
NOVIEMBRE;Y165;;;;;;;;;;;;;;;;;;;;;;;;;;;;;;;;;;;;;;;;;;;
;WGN;AEP;;;;;;;;;;;;;;;;;;;;;;;;;;;;;;BRC;20:00;601;22:00;AEP;;;;;;;;
;Y165;;;;;;;;;;;;;;;;;;;;;;;;;;;;;;;;23:00;02:00;01:00;;;;;;;;;
;;;;;;;;;;;;;;;;;;;;;;;;;;;;;;;;;;;;;;;;;;;;
MARTES;AYD;EZE;;;;;;;;;;;;;;;;;;;;;;;;;;;;;;;;;;;;;;;;;;
;Y165;;;;;;;;;;;;;;;;;;;;;;;;;;;;;;;;;;;;;;;;;;;
;CCJ;JUJ;07:30;851;07:50;SLA;00:30;SLA;08:20;851;10:20;AEP;01:40;AEP;12:00;550;13:55;PMY;01:05;PMY;15:00;551;16:45;AEP;;AEP;17:50;856;20:00;SLA;00:30;SLA;20:30;856;20:50;JUJ;;;;;;;;
;Y165;;10:30;00:20;10:50;;;;11:20;02:00;13:20;;;;15:00;01:55;16:55;;;;18:00;01:45;19:45;;;;20:50;02:10;23:00;;;;23:30;00:20;23:50;;;;;;;;;
22;0;;;;;;;;;;;;;;;;;;;;;;;;;;;;;;;;;;;;;;;;;;;
;Y165;;;;;;;;;;;;;;;;;;;;;;;;;;;;;;;;;;;;;;;;;;;
;WGM;;;;;;;;;;;;;;;;;;;;;;;;;;;;;;;;;;;;;;;;;;;
NOVIEMBRE;Y165;;;;;;;;;;;;;;;;;;;;;;;;;;;;;;;;;;;;;;;;;;;
;WGN;XAP;;;;;;;;;;;;;;;;;;;;;;;;;;;;;;;;;;;;;;;;;;
;Y165;;;;;;;;;;;;;;;;;;;;;;;;;;;;;;;;;;;;;;;;;;;
;;;;;;;;;;;;;;;;;;;;;;;;;;;;;;;;;;;;;;;;;;;;
MIERCOLES;AYD;EZE;;;;;;;;;;;;;;;;;;;;;;;;;;;;;;XAP;01:00;631;01:50;FLN;01:00;FLN;02:50;631;03:50;AEP;;
;Y165;;;;;;;;;;;;;;;;;;;;;;;;;;;;;;;;03:00;00:50;03:50;;;;04:50;02:00;06:50;;;
;CCJ;JUJ;07:30;851;07:50;SLA;00:30;SLA;08:20;851;10:20;AEP;01:40;AEP;12:00;550;13:55;PMY;01:05;PMY;15:00;551;16:45;AEP;;AEP;17:50;856;20:00;SLA;00:30;SLA;20:30;856;20:50;JUJ;;;;;;;;
;Y165;;10:30;00:20;10:50;;;;11:20;02:00;13:20;;;;15:00;01:55;16:55;;;;18:00;01:45;19:45;;;;20:50;02:10;23:00;;;;23:30;00:20;23:50;;;;;;;;;
23;0;;;;;;;;;;;;;;;;;;;;;;;;;;;;;;;;;;;;;;;;;;;
;Y165;;;;;;;;;;;;;;;;;;;;;;;;;;;;;;;;;;;;;;;;;;;
;WGM;;;;;;;;;;;;;;;;;;;;;;;;;;;;;;;;;;;;;;;;;;;
NOVIEMBRE;Y165;;;;;;;;;;;;;;;;;;;;;;;;;;;;;;;;;;;;;;;;;;;
;WGN;;;;;;;;;;;;;;;;;;;;;;;;;;;;;;;;;;;;;;;;;;;
;Y165;;;;;;;;;;;;;;;;;;;;;;;;;;;;;;;;;;;;;;;;;;;
;;;;;;;;;;;;;;;;;;;;;;;;;;;;;;;;;;;;;;;;;;;;
JUEVES;AYD;EZE;;;;;;;;;;;;;;;;;;;;;;;;;;;;;;;;;;;;;;;;;;
;Y165;;;;;;;;;;;;;;;;;;;;;;;;;;;;;;;;;;;;;;;;;;;
;CCJ;JUJ;07:30;851;07:50;SLA;00:30;SLA;08:20;851;10:20;AEP;01:40;AEP;12:00;550;13:55;PMY;01:05;PMY;15:00;551;16:45;AEP;;AEP;17:50;856;20:00;SLA;00:30;SLA;20:30;856;20:50;JUJ;;;;;;;;
;Y165;;10:30;00:20;10:50;;;;11:20;02:00;13:20;;;;15:00;01:55;16:55;;;;18:00;01:45;19:45;;;;20:50;02:10;23:00;;;;23:30;00:20;23:50;;;;;;;;;
24;0;;;;;;;;;;;;;;;;;;;;;;;;;;;;;;;;;;;;;;;;;;;
;Y165;;;;;;;;;;;;;;;;;;;;;;;;;;;;;;;;;;;;;;;;;;;
;WGM;;;;;;;;;;;;;;;;;;;;;;;;;;;;;;;;;;;;;;;;;;;
NOVIEMBRE;Y165;;;;;;;;;;;;;;;;;;;;;;;;;;;;;;;;;;;;;;;;;;;
;WGN;AEP;;;;;;;;;;;;;;;;;;;;;;;;;;;;;;;;;;;;;;;;;;
;Y165;;;;;;;;;;;;;;;;;;;;;;;;;;;;;;;;;;;;;;;;;;;
;;;;;;;;;;;;;;;;;;;;;;;;;;;;;;;;;;;;;;;;;;;;
VIERNES;AYD;EZE;;;;;;;;;;;;;;;;;;;;;;;;;;;;;;;;;;;;;;;;;;
;Y165;;;;;;;;;;;;;;;;;;;;;;;;;;;;;;;;;;;;;;;;;;;
;CCJ;JUJ;07:30;851;07:50;SLA;00:30;SLA;08:20;851;10:20;AEP;01:40;AEP;12:00;550;13:55;PMY;01:05;PMY;15:00;551;16:45;AEP;;AEP;17:50;856;20:00;SLA;00:30;SLA;20:30;856;20:50;JUJ;;;;;;;;
;Y165;;10:30;00:20;10:50;;;;11:20;02:00;13:20;;;;15:00;01:55;16:55;;;;18:00;01:45;19:45;;;;20:50;02:10;23:00;;;;23:30;00:20;23:50;;;;;;;;;
25;0;;;;;;;;;;;;;;;;;;;;;;;;;;;;;;;;;;;;;;;;;;;
;Y165;;;;;;;;;;;;;;;;;;;;;;;;;;;;;;;;;;;;;;;;;;;
;WGM;;;;;;;;;;;;;;;;;;;;;;;;;;;;;;;;;;;;;;;;;;;
NOVIEMBRE;Y165;;;;;;;;;;;;;;;;;;;;;;;;;;;;;;;;;;;;;;;;;;;
;WGN;;;;;;;AEP;09:00;600;11:10;BRC;;;;;;;;;;;;;;;;;;;;;;;;;;;;;;;;
;Y165;;;;;;;;12:00;02:10;14:10;;;;;;;;;;;;;;;;;;;;;;;;;;;;;;;;;
;;;;;;;;;;;;;;;;;;;;;;;;;;;;;;;;;;;;;;;;;;;;
;;;;;;;;;;;;;;;;;;;;;;;;;;;;;;;;;;;;;;;;;;;;
SABADO;AYD;EZE;;;;;;;;;;;;;;;;;;;;;;;;;;;;;;;;;;;;;;;;;;
;Y165;;;;;;;;;;;;;;;;;;;;;;;;;;;;;;;;;;;;;;;;;;;
;CCJ;JUJ;08:30;851;08:50;SLA;00:30;SLA;09:20;851;11:20;AEP;;;;;;;;;;;;;;;;;;;;;;;;;;;;;;;;
;Y165;;11:30;00:20;11:50;;;;12:20;02:00;14:20;;;;;;;;;;;;;;;;;;;;;;;;;;;;;;;;;
26;0;;;;;;;;;;;;;;;;;;;;;;;;;;;;;;;;;;;;;;;;;;;
;Y165;;;;;;;;;;;;;;;;;;;;;;;;;;;;;;;;;;;;;;;;;;;
;WGM;;;;;;;;;;;;;;;;;;;;;;;;;;;;;;;;;;;;;;;;;;;
NOVIEMBRE;Y165;;;;;;;;;;;;;;;;;;;;;;;;;;;;;;;;;;;;;;;;;;;
;WGN;BRC;;;;;;;;;;;;;;;;;;;;;;;;;;;;;;;;;;;;;;;;;;
;Y165;;;;;;;;;;;;;;;;;;;;;;;;;;;;;;;;;;;;;;;;;;;
;;;;;;;;;;;;;;;;;;;;;;;;;;;;;;;;;;;;;;;;;;;;
DOMINGO;AYD;EZE;;;;;;;;;;;;;;;;;;;;;;;;;;;;;;;;;;;;;;;;;;
;Y165;;;;;;;;;;;;;;;;;;;;;;;;;;;;;;;;;;;;;;;;;;;
;CCJ;;;;;;;;;;;;;;;;;;;;;;;;;AEP;17:50;856;20:00;SLA;00:30;SLA;20:30;856;20:50;JUJ;;;;;;;;
;Y165;;;;;;;;;;;;;;;;;;;;;;;;;;20:50;02:10;23:00;;;;23:30;00:20;23:50;;;;;;;;;
27;0;;;;;;;;;;;;;;;;;;;;;;;;;;;;;;;;;;;;;;;;;;;
;Y165;;;;;;;;;;;;;;;;;;;;;;;;;;;;;;;;;;;;;;;;;;;
;WGM;;;;;;;;;;;;;;;;;;;;;;;;;;;;;;;;;;;;;;;;;;;
NOVIEMBRE;Y165;;;;;;;;;;;;;;;;;;;;;;;;;;;;;;;;;;;;;;;;;;;
;WGN;BRC;;;;;;;;;;;;;;;;;;;;;;;;;;;;;;;;;;;;;;;;;;
;Y165;;;;;;;;;;;;;;;;;;;;;;;;;;;;;;;;;;;;;;;;;;;
;;;;;;;;;;;;;;;;;;;;;;;;;;;;;;;;;;;;;;;;;;;;
LUNES;AYD;EZE;;;;;;;;;;;;;;;;;;;;;;;;;;;;;;;;;;;;;;;;;;
;Y165;;;;;;;;;;;;;;;;;;;;;;;;;;;;;;;;;;;;;;;;;;;
;CCJ;JUJ;07:30;851;07:50;SLA;00:30;SLA;08:20;851;10:20;AEP;01:40;AEP;12:00;550;13:55;PMY;01:05;PMY;15:00;551;16:45;AEP;;AEP;17:50;856;20:00;SLA;00:30;SLA;20:30;856;20:50;JUJ;;;;;;;;
;Y165;;10:30;00:20;10:50;;;;11:20;02:00;13:20;;;;15:00;01:55;16:55;;;;18:00;01:45;19:45;;;;20:50;02:10;23:00;;;;23:30;00:20;23:50;;;;;;;;;
28;0;;;;;;;;;;;;;;;;;;;;;;;;;;;;;;;;;;;;;;;;;;;
;Y165;;;;;;;;;;;;;;;;;;;;;;;;;;;;;;;;;;;;;;;;;;;
;WGM;;;;;;;;;;;;;;;;;;;;;;;;;;;;;;;;;;;;;;;;;;;
NOVIEMBRE;Y165;;;;;;;;;;;;;;;;;;;;;;;;;;;;;;;;;;;;;;;;;;;
;WGN;;;;;;;;;;;;;;;;;;;;;;;;;BRC;18:00;601;19:50;AEP;;;;;;;;;;;;;;
;Y165;;;;;;;;;;;;;;;;;;;;;;;;;;21:00;01:50;22:50;;;;;;;;;;;;;;;
;;;;;;;;;;;;;;;;;;;;;;;;;;;;;;;;;;;;;;;;;;;;
MARTES;AYD;EZE;;;;;;;;;;;;;;;;;;;;;;;;;;;;;;;;;;;;;;;;;;
;Y165;;;;;;;;;;;;;;;;;;;;;;;;;;;;;;;;;;;;;;;;;;;
;CCJ;JUJ;07:30;851;07:50;SLA;00:30;SLA;08:20;851;10:20;AEP;01:40;AEP;12:00;550;13:55;PMY;01:05;PMY;15:00;551;16:45;AEP;;AEP;17:50;856;20:00;SLA;00:30;SLA;20:30;856;20:50;JUJ;;;;;;;;
;Y165;;10:30;00:20;10:50;;;;11:20;02:00;13:20;;;;15:00;01:55;16:55;;;;18:00;01:45;19:45;;;;20:50;02:10;23:00;;;;23:30;00:20;23:50;;;;;;;;;
29;0;;;;;;;;;;;;;;;;;;;;;;;;;;;;;;;;;;;;;;;;;;;
;Y165;;;;;;;;;;;;;;;;;;;;;;;;;;;;;;;;;;;;;;;;;;;
;WGM;;;;;;;;;;;;;;;;;;;;;;;;;;;;;;;;;;;;;;;;;;;
NOVIEMBRE;Y165;;;;;;;;;;;;;;;;;;;;;;;;;;;;;;;;;;;;;;;;;;;
;WGN;AEP;;;;;;;;;;;;;;;;;;;;;;;;;;;;;;;;;;;;;;;;;;
;Y165;;;;;;;;;;;;;;;;;;;;;;;;;;;;;;;;;;;;;;;;;;;
;;;;;;;;;;;;;;;;;;;;;;;;;;;;;;;;;;;;;;;;;;;;
MIERCOLES;AYD;EZE;;;;;;;;;;;;;;;;;;;;;;;;;;;;;;;;;;;;;;;;;;
;Y165;;;;;;;;;;;;;;;;;;;;;;;;;;;;;;;;;;;;;;;;;;;
;CCJ;JUJ;07:30;851;07:50;SLA;00:30;SLA;08:20;851;10:20;AEP;01:40;AEP;12:00;550;13:55;PMY;01:05;PMY;15:00;551;16:45;AEP;;AEP;17:50;856;20:00;SLA;00:30;SLA;20:30;856;20:50;JUJ;;;;;;;;
;Y165;;10:30;00:20;10:50;;;;11:20;02:00;13:20;;;;15:00;01:55;16:55;;;;18:00;01:45;19:45;;;;20:50;02:10;23:00;;;;23:30;00:20;23:50;;;;;;;;;
30;0;;;;;;;;;;;;;;;;;;;;;;;;;;;;;;;;;;;;;;;;;;;
;Y165;;;;;;;;;;;;;;;;;;;;;;;;;;;;;;;;;;;;;;;;;;;
;WGM;;;;;;;;;;;;;;;;;;;;;;;;;;;;;;;;;;;;;;;;;;;
NOVIEMBRE;Y165;;;;;;;;;;;;;;;;;;;;;;;;;;;;;;;;;;;;;;;;;;;
;WGN;AEP;;;;;;;;;;;;;;;;;;;;;;;;;;;;;;;;;;;;;;;;;;
;Y165;;;;;;;;;;;;;;;;;;;;;;;;;;;;;;;;;;;;;;;;;;;
;;;;;;;;;;;;;;;;;;;;;;;;;;;;;;;;;;;;;;;;;;;;
;;;;;;;;;;;;;;;;;;;;;;;;;;;;;;;;;;;;;;;;;;;;
JUEVES;AYD;EZE;;;;;;;;;;;;;;;;;;;;;;;;;;;;;;;;;;;;;;;;;;
;Y165;;;;;;;;;;;;;;;;;;;;;;;;;;;;;;;;;;;;;;;;;;;
;CCJ;JUJ;07:30;851;07:50;SLA;00:30;SLA;08:20;851;10:20;AEP;01:40;AEP;12:00;550;13:55;PMY;01:05;PMY;15:00;551;16:45;AEP;;AEP;17:50;856;20:00;SLA;00:30;SLA;20:30;856;20:50;JUJ;;;;;;;;
;Y165;;10:30;00:20;10:50;;;;11:20;02:00;13:20;;;;15:00;01:55;16:55;;;;18:00;01:45;19:45;;;;20:50;02:10;23:00;;;;23:30;00:20;23:50;;;;;;;;;
1;0;;;;;;;;;;;;;;;;;;;;;;;;;;;;;;;;;;;;;;;;;;;
;Y165;;;;;;;;;;;;;;;;;;;;;;;;;;;;;;;;;;;;;;;;;;;
;WGM;;;;;;;;;;;;;;;;;;;;;;;;;;;;;;;;;;;;;;;;;;;
DICIEMBRE;Y165;;;;;;;;;;;;;;;;;;;;;;;;;;;;;;;;;;;;;;;;;;;
;WGN;AEP;;;;;;;;;;;;;;;;;;;;;;;;;;;;;;;;;;;;;;;;;;
;Y165;;;;;;;;;;;;;;;;;;;;;;;;;;;;;;;;;;;;;;;;;;;
;;;;;;;;;;;;;;;;;;;;;;;;;;;;;;;;;;;;;;;;;;;;
